1|Cristine|Gilbertson|Perry|10.22748|10.62488
2|Lita|Donoghue|Ashlee|10.09553|10.80900
3|June|Chapland|Lenna|10.84120|10.07356
4|Letizia|Elo|Rozele|10.03123|10.32749
5|Verla|Alejoa|Amii|10.47269|10.23047
6|Thalia|Weaks|Fernande|10.07497|10.89507
7|Edith|Trace|Selia|10.04889|10.29463
8|Robinia|Heisel|Anallese|10.28297|10.25852
9|Marjie|Geffner|Tiffie|10.73664|10.98719
10|Ruthe|Ventre|Lorenza|10.55426|10.68615
11|Anallese|Caitlin|Nickie|10.39580|10.01625
12|Camile|Eliathas|Flory|10.36228|10.23482
13|Melanie|Pattin|Letizia|10.02615|10.75629
14|Angelique|Stefa|Donnie|10.88183|10.61585
15|Gusella|Nickola|Sue|10.47099|10.96648
16|Elie|Jacobah|Catrina|10.74350|10.92441
17|Lorne|Vary|Tatiania|10.85513|10.80631
18|Shannah|Iiette|Edith|10.46042|10.61761
19|Clarice|Ovid|Lucy|10.29711|10.10117
20|Teriann|Shelba|Luci|10.15711|10.32309
21|Elka|Elsinore|Juliane|10.07716|10.41510
22|Helena|Maisey|Maye|10.84811|10.37123
23|Valli|Bahr|Tina|10.24297|10.29781
24|Maurene|Avi|Emmey|10.33579|10.64126
25|Lonnie|Tristram|Talya|10.40109|10.68782
26|Catrina|Merell|Tobe|10.43807|10.64281
27|Dotty|Loleta|Hyacinthe|10.96492|10.70065
28|Liana|Kress|Starla|10.04634|10.49823
29|Nanete|Mandler|Lulita|10.52417|10.58135
30|Kial|Euridice|Maryellen|10.74600|10.66100
31|Felice|Dannye|Fanchon|10.39118|10.42472
32|Stephanie|Guildroy|Janis|10.52809|10.67282
33|Cherilyn|Lynn|Adore|10.76371|10.04383
34|Gwyneth|O'Carroll|Edyth|10.41810|10.49773
35|Caressa|Armanda|Calla|10.30722|10.24342
36|Starla|Erlandson|Norine|10.71695|10.27122
37|Zsa Zsa|Halla|Jemie|10.00170|10.18425
38|Jaclyn|Bluh|Selia|10.10785|10.43601
39|Katharina|Janith|Lonnie|10.91865|10.34577
40|Shell|Ezar|Konstance|10.57571|10.62305
41|Aurelie|Peonir|Lita|10.68817|10.82760
42|Jany|Kat|Natka|10.60838|10.16444
43|Clary|Bevin|Violet|10.25667|10.30740
44|Chloris|Florina|Clarice|10.73031|10.20275
45|Tarra|Aida|Etta|10.20603|10.15799
46|Aigneis|Bevin|Shirlee|10.13844|10.52965
47|Gwyneth|Skell|Sherrie|10.96440|10.58303
48|Teddie|Shields|Danika|10.29552|10.86932
49|Cam|Ries|Fayre|10.92887|10.27936
50|Marjie|Carmena|Cordi|10.85884|10.20156
51|Gerrie|Gaulin|Amii|10.23665|10.85892
52|Paule|Vacuva|Millie|10.76078|10.43075
53|Malina|Cavan|Cherrita|10.42645|10.61093
54|Viviene|Audly|Lelah|10.29958|10.45276
55|Ginnie|Sancho|Dorthy|10.94652|10.85571
56|Dominga|Neils|Ayn|10.72110|10.90353
57|Tami|Gualtiero|Daryl|10.43029|10.55161
58|Jasmina|Gillan|Oona|10.45428|10.01108
59|Bertine|Bakerman|Peri|10.83212|10.00331
60|Corene|Curren|Rayna|10.95261|10.28600
61|Oralee|Thema|Wendi|10.61125|10.54043
62|Josephine|August|Kittie|10.59846|10.15557
63|Roseline|Muriel|Lexine|10.53796|10.00568
64|Natka|Shuler|Tani|10.59055|10.83750
65|Korrie|Gale|Tobe|10.07119|10.01247
66|Chandra|Greyson|Ginnie|10.96137|10.78038
67|Brana|Pearse|Stephanie|10.75477|10.85861
68|Ezmeralda|Wilona|Sallie|10.39128|10.71171
69|Dulcinea|Chick|Johna|10.30542|10.31038
70|Darlleen|Yate|Alejandra|10.24574|10.51693
71|Joceline|Berne|Darlleen|10.44707|10.87079
72|Evaleen|Land|Blondelle|10.58138|10.58911
73|Codie|Roarke|Gabriellia|10.85407|10.05724
74|Emylee|Woodberry|Mireielle|10.54810|10.54094
75|Atlanta|Malanie|Noelle|10.55652|10.19399
76|Ketti|Barbey|Bee|10.39351|10.34267
77|Eadie|Karna|Rebeca|10.47650|10.57567
78|Gloria|Lenny|Minne|10.35270|10.75264
79|Madeleine|Matthew|Tobe|10.70754|10.14646
80|Debee|Ellerey|Lila|10.81989|10.28696
81|Ada|Raimondo|Inga|10.71728|10.58917
82|Chere|Dom|Claudina|10.74785|10.10348
83|Alexine|Olympium|Evita|10.11703|10.63463
84|Gertrud|My|Cherilyn|10.29788|10.33745
85|Monika|Minetta|Georgetta|10.24645|10.06589
86|Hannis|Byrne|Rivalee|10.00447|10.31649
87|Mallory|Annice|Joy|10.93133|10.49328
88|Bibby|Sacken|Tarra|10.04127|10.41825
89|Rubie|Caitlin|Taffy|10.32927|10.58524
90|Halette|Barney|Jaime|10.85318|10.07666
91|Lory|Dunkin|Jorry|10.55349|10.88198
92|Audrie|Weitman|Silvana|10.70172|10.96541
93|Renae|Geffner|Jenda|10.50738|10.47451
94|Carilyn|Meter|Julieta|10.70710|10.91803
95|Heida|Lemuela|Reeba|10.32406|10.42053
96|Dorice|Vernier|Jan|10.68106|10.13258
97|Devina|Dulciana|Heddie|10.45559|10.07781
98|Dorthy|Zitvaa|Brianna|10.80119|10.21338
99|Charissa|Penelopa|Adelle|10.32859|10.24752
100|Bobinette|Sandye|Codie|10.99317|10.39538
101|Correy|Olympium|Yetty|10.74001|10.44315
102|Misha|Louanna|Teriann|10.19972|10.71212
103|Lilith|Honoria|Flory|10.44308|10.80962
104|June|Eugenia|Marjie|10.03737|10.08168
105|Maridel|Secrest|Julieta|10.02224|10.97401
106|Jenilee|Plato|Atlanta|10.27022|10.89512
107|Robinia|Schonfeld|Ardys|10.95663|10.86212
108|Flory|Dowski|Celisse|10.10139|10.59119
109|Dorothy|Norvol|Benita|10.12188|10.44383
110|Ricky|Si|Raina|10.60472|10.67731
111|Benita|Shelba|Emelina|10.10709|10.49953
112|Maryellen|Orlene|Misha|10.34618|10.21500
113|Viviene|Gower|Brandise|10.58333|10.42813
114|Louella|Claudine|Camile|10.09338|10.10349
115|Ashlee|Goode|Paola|10.86295|10.62116
116|Alexine|Simmonds|Dorene|10.37124|10.02106
117|Deirdre|Lacombe|Sonni|10.12129|10.80979
118|Orsola|Belanger|Ebonee|10.64219|10.50840
119|Livvyy|Arley|Chloris|10.71303|10.22425
120|Brana|Serilda|Letizia|10.58542|10.56488
121|Rosabelle|Cordi|Sabina|10.25626|10.73684
122|Janis|Vilma|Marleah|10.67668|10.30493
123|Sallie|Jess|Taffy|10.49685|10.76746
124|Sissy|Andrel|Gwyneth|10.99349|10.56705
125|Carolina|Delila|Gale|10.14970|10.81335
126|Yvonne|Abram|Rayna|10.46060|10.21679
127|Rori|Chesna|Lynea|10.72777|10.30288
128|Nollie|Henebry|Farrah|10.79175|10.79614
129|Linet|Merell|Brianna|10.19084|10.71854
130|Merle|Emerson|Lanna|10.40610|10.67500
131|Tina|Kat|Tatiania|10.14445|10.61858
132|Kamilah|Gladstone|Ardeen|10.28988|10.10438
133|Charmaine|Vale|Concettina|10.77890|10.95721
134|Florencia|Ivens|Florencia|10.20424|10.05381
135|Linzy|Whiffen|Mariann|10.24617|10.63247
136|Julieta|Anderea|Susette|10.61473|10.94172
137|Tatiania|Revkah|Dorothy|10.32902|10.54399
138|Courtnay|Germann|Mary|10.97011|10.81328
139|Isa|Pond|Chandra|10.22602|10.95211
140|Trixi|Firmin|Janey|10.77751|10.19291
141|Adriana|Merat|Sue|10.86721|10.98823
142|Jessamyn|Cecile|Cyndie|10.37857|10.18660
143|Sonni|Gwenore|Jerry|10.58119|10.61312
144|Atlanta|Berne|Leia|10.07301|10.59114
145|Viki|Wandie|Aubrie|10.75568|10.65245
146|Henriette|Jeanne|Carilyn|10.90219|10.36851
147|Nannie|Ehrman|Lexine|10.31671|10.64315
148|Nadine|Lay|Angela|10.23932|10.48326
149|Lizzie|Ochs|Cristabel|10.25179|10.15125
150|Chastity|Minetta|Glynnis|10.61895|10.39012
151|Anica|Pulsifer|Fernande|10.21290|10.31278
152|Bobbi|Dulciana|Aurelie|10.78287|10.12249
153|Wilma|Francene|Sidoney|10.87171|10.14389
154|Nadine|Anton|Marleah|10.76620|10.65342
155|Jackie|Roxanna|Edith|10.85134|10.77647
156|Loree|Zeeba|Edith|10.93985|10.11377
157|Alia|Gusella|Robbi|10.80413|10.54138
158|Lacie|Ramona|Lorne|10.81752|10.00871
159|Rosanne|Corrine|Jenilee|10.89631|10.71184
160|Wynne|Valerio|Sherrie|10.86083|10.99735
161|Korrie|Mata|Roseline|10.10402|10.24326
162|Wileen|Parette|Nicoli|10.01573|10.74834
163|Gabriellia|Fadiman|Magdalena|10.90414|10.55408
164|Vivia|Rosalba|Sharai|10.88945|10.37277
165|Olivette|Xerxes|Ezmeralda|10.01039|10.00804
166|Maryellen|Harned|Betta|10.01084|10.26593
167|Dominga|Hunfredo|Farrah|10.12941|10.40441
168|Deloria|Maryanne|Dale|10.37838|10.91465
169|Hettie|Paton|Nannie|10.33895|10.45723
170|Ebonee|Ball|Silvana|10.98138|10.85963
171|Janeczka|Nea|Alie|10.53144|10.15056
172|Anica|Duwalt|Lexine|10.23223|10.30089
173|Marjie|Bronk|Sara-Ann|10.47565|10.11611
174|Dacia|Sholley|Marline|10.33534|10.73520
175|Rubie|Ventre|Loree|10.65036|10.80507
176|Tomasina|Alfons|Brena|10.68612|10.42279
177|Giustina|Vastah|Sherrie|10.06179|10.39343
178|Katharina|Markman|Jessy|10.09287|10.04259
179|Coral|Denis|Lauryn|10.57160|10.61504
180|Grier|Paton|Bettine|10.64258|10.58937
181|Jeanna|Bartlett|Gloria|10.58946|10.26098
182|Cristabel|Teryn|Ashlee|10.79301|10.21764
183|Giustina|Aloise|Corly|10.15084|10.91170
184|Gloria|Marijo|Robinia|10.55150|10.12823
185|Bertine|Ilka|Farrah|10.13992|10.34135
186|Correy|Etom|Jessamyn|10.09207|10.01370
187|Cassondra|Amethist|Deloria|10.65549|10.91903
188|Ada|Durante|Lesly|10.60431|10.18254
189|Shell|Rodmann|Bernie|10.41196|10.81415
190|Clary|Kauppi|Alia|10.64039|10.02334
191|Shannah|Arley|Rosanne|10.31464|10.91570
192|Nita|Caitlin|Roz|10.63554|10.48278
193|Kimmy|Tengdin|Atlanta|10.60463|10.04873
194|Gabi|Dannye|Emmey|10.93510|10.86075
195|Jacquetta|Lattie|Candy|10.30657|10.24929
196|Brandise|Goddard|Shauna|10.46088|10.32976
197|Kaia|Leary|Gloria|10.19881|10.74823
198|Chere|Rogerio|Joelly|10.57053|10.70049
199|Cherilyn|Kussell|Melanie|10.87885|10.59693
200|Lucy|Neva|Gusella|10.43267|10.59609
201|Gilda|Zina|Alejandra|10.17331|10.75654
202|Sue|Iphlgenia|Phedra|10.20703|10.00647
203|Gratia|Skell|Demetris|10.33284|10.01464
204|Nonnah|Salvidor|Fawne|10.14342|10.25248
205|Judy|Lia|Shaine|10.47698|10.46245
206|Hayley|Tannie|Ernesta|10.88098|10.87077
207|Rori|Phi|Roz|10.84097|10.37206
208|Elie|Jehu|Britte|10.45560|10.12089
209|Brena|Simmonds|Maurene|10.21793|10.89075
210|Christy|Vernier|Priscilla|10.50520|10.27533
211|Aimil|Belanger|Stacey|10.99934|10.96623
212|Allis|Nahum|Sheree|10.95395|10.25123
213|Amalie|Allys|Magdalena|10.20514|10.54818
214|Beverley|Hunfredo|Lenna|10.44620|10.87394
215|Sonni|Alisia|Ottilie|10.11502|10.43536
216|Claudina|Borrell|Melina|10.18903|10.73112
217|Helena|Lauraine|Bernie|10.21594|10.29493
218|Dari|Wooster|Zaria|10.00548|10.24005
219|Ardys|Berne|Clarice|10.98788|10.56424
220|Sybille|Belanger|Brandise|10.28136|10.97544
221|Fidelia|Valerio|Cacilie|10.79326|10.99349
222|Gwyneth|Cyrie|Ardys|10.02651|10.21197
223|Gabi|Campball|Bobbi|10.06517|10.55925
224|Stacey|Lumbard|Hettie|10.91463|10.04683
225|Kassey|Stacy|Cacilie|10.36461|10.40637
226|Nariko|Dowski|Violet|10.68243|10.98582
227|Jordan|Lalitta|Gilligan|10.90936|10.43857
228|Tabbatha|Wolfgram|Lila|10.42439|10.65207
229|Sheree|Mike|Elie|10.12795|10.34708
230|Rosanne|Bach|Paulita|10.07587|10.72926
231|Lynnea|Gale|Nickie|10.34190|10.74381
232|Correy|Malina|Jessy|10.09640|10.90288
233|Tami|Brittani|Gabi|10.03392|10.82744
234|Roxane|Audly|Sallie|10.06268|10.87468
235|Rosene|Zenas|Brynna|10.15891|10.06573
236|Katleen|Harriman|Claudina|10.68597|10.61110
237|Kamilah|Gherardo|Sallie|10.53449|10.87654
238|Randa|Rheingold|Halette|10.12693|10.16864
239|Vere|Destinee|Tera|10.12171|10.84005
240|Briney|Center|Flory|10.65617|10.01534
241|Anallese|Ball|Jennica|10.99484|10.69433
242|Daryl|Minetta|Melanie|10.88999|10.90306
243|Sabina|Ezar|Nessie|10.37767|10.74554
244|Gusella|Suzetta|Therine|10.77188|10.84352
245|Adele|Billye|Dulce|10.86707|10.30247
246|Sean|Sheedy|Agnese|10.21805|10.71609
247|Blake|Olympium|Isa|10.69979|10.23272
248|Mariele|Berriman|Lucille|10.20711|10.50892
249|Louella|Adrienne|Halette|10.11685|10.32560
250|Trixi|Nunci|Shell|10.57272|10.63241
251|Maryellen|Parsaye|Carlie|10.43446|10.11383
252|Adele|Teddman|Suzette|10.40794|10.19462
253|Johna|Longfellow|Roz|10.32402|10.94222
254|Georgina|Dahlia|Isa|10.17189|10.19569
255|Roxane|Bohlin|Stephanie|10.13347|10.98026
256|Sherrie|Corabella|Bertine|10.04485|10.38197
257|Jaime|Longfellow|Lynea|10.88907|10.61013
258|Lonnie|Verger|Myriam|10.79100|10.54519
259|Joelly|Uird|Kathi|10.61241|10.91479
260|Layla|Eckblad|Roslyn|10.39892|10.06736
261|Celisse|Gunn|Beth|10.81573|10.54204
262|Mignon|Zrike|Beatriz|10.57247|10.10975
263|Daryl|Magnolia|Almeta|10.30317|10.07647
264|Stevana|Masao|Starla|10.74268|10.38630
265|Darci|Dreda|Concettina|10.28798|10.96276
266|Michaelina|Johanna|Marsiella|10.28088|10.67175
267|Neila|Janith|Monika|10.88829|10.90898
268|Fanchon|Lucienne|Lilith|10.93016|10.94255
269|Kirstin|Garek|Merrie|10.23168|10.90422
270|Wilma|Eugenia|Hannis|10.50709|10.49017
271|Mellicent|Maryanne|Phylis|10.60405|10.30374
272|Emylee|Lindemann|Leanna|10.40207|10.78186
273|Nikki|Magnolia|Sheelagh|10.22817|10.94040
274|Maye|Henebry|Marinna|10.45089|10.13867
275|Cyb|Ioab|Jeanna|10.85997|10.27061
276|Doro|Neva|Melisent|10.66522|10.81631
277|Merle|Bebe|Livvyy|10.41778|10.80956
278|Angela|Grosz|Kalina|10.39937|10.58271
279|Gusella|Casimir|Caressa|10.16670|10.93563
280|Heida|Fredi|Ofilia|10.36447|10.43834
281|Aigneis|Hashim|Paulita|10.52091|10.31464
282|Helsa|Wooster|Stacey|10.83453|10.62239
283|Patricia|Gwenore|Carolina|10.99441|10.08127
284|Christian|Magdalen|Glynnis|10.14253|10.48412
285|Iseabal|Hourigan|Peri|10.68167|10.90942
286|Pearline|Edmund|Merry|10.85350|10.66352
287|Mallory|Garbe|Cacilie|10.06495|10.02180
288|Karly|Kravits|Bobbi|10.13143|10.70780
289|Althea|O'Carroll|Teriann|10.58577|10.91664
290|Halette|Nea|Talya|10.28082|10.07593
291|Joceline|Longfellow|Kathi|10.33634|10.16012
292|Kenna|Halsey|Judy|10.50584|10.26958
293|Tina|Malina|Annice|10.62272|10.24455
294|Elbertina|Bahr|Nadine|10.62043|10.28633
295|Frank|Hazlett|Edee|10.79500|10.34543
296|Annabela|Morehouse|Violet|10.48262|10.88491
297|Dagmar|Hewitt|Quintina|10.35909|10.52337
298|Robbi|Ophelia|Ellette|10.66620|10.29882
299|Nannie|Jalbert|Roxane|10.13430|10.11576
300|Deane|Willie|Evaleen|10.81633|10.18343
301|Corly|Egbert|Marline|10.42606|10.11899
302|Veda|Othilia|Maisey|10.48906|10.40906
303|Alyda|Amadas|Gwyneth|10.19021|10.48292
304|Elena|Ludewig|Chere|10.49881|10.54573
305|Dolli|Yorick|Glynnis|10.93615|10.71077
306|Margette|Donell|Hollie|10.10417|10.29416
307|Jackie|Beebe|Minne|10.90747|10.15491
308|Shannah|Lia|Willetta|10.61193|10.97692
309|Madeleine|Goddard|Zia|10.61317|10.26219
310|Shaine|Henebry|Marcelline|10.85048|10.86574
311|Lucy|Carbo|Annabela|10.75810|10.05776
312|Corene|Carri|Valli|10.07670|10.58876
313|Vita|Margarete|Keelia|10.14653|10.51579
314|Ruthe|Cordi|Belinda|10.75460|10.80966
315|Jean|Howlyn|Ottilie|10.48298|10.01770
316|Gerrie|Schenck|Drucie|10.59210|10.18429
317|Margarette|Allare|Siana|10.28832|10.84767
318|Leontine|Killigrew|Flory|10.74414|10.79164
319|Dolli|Maribeth|Blondelle|10.21028|10.80597
320|Susan|Redmond|Atlanta|10.16479|10.86010
321|Dulce|Saunderson|Anestassia|10.81753|10.99382
322|Cyndie|O'Rourke|Claudina|10.12670|10.42383
323|Cyb|Cloris|Kara-Lynn|10.65033|10.66207
324|Zaria|Dosia|Gabriellia|10.39573|10.19689
325|Hannis|Lia|Harrietta|10.29365|10.68801
326|Emylee|Kesley|Ilse|10.10011|10.75011
327|Drucie|Aldric|Elka|10.68492|10.29161
328|Malina|Suk|Sindee|10.88433|10.57992
329|Ernesta|Cottle|Amalie|10.19318|10.45476
330|Tiffie|Saree|Peri|10.10035|10.30334
331|Steffane|Egbert|Aryn|10.05887|10.74433
332|Dominga|Dorine|Diena|10.12969|10.55050
333|Melisent|Flyn|Marcelline|10.06198|10.12610
334|Teddie|Pyle|Tracey|10.02421|10.69296
335|Collen|Jalbert|Fanchon|10.23410|10.14069
336|Petronia|Thad|Cathyleen|10.79497|10.43576
337|Barbara|Lemuela|Alie|10.32282|10.19877
338|Coral|Abbot|Mara|10.33336|10.42512
339|Andree|Caitlin|Tonia|10.48065|10.01123
340|Consuela|Melony|Justinn|10.45148|10.34704
341|Bettine|Nore|Nelle|10.45905|10.15083
342|Debee|Colp|Winny|10.81454|10.14411
343|Michaelina|Hollingsworth|Justinn|10.54737|10.04386
344|Charissa|Dannye|Mureil|10.27691|10.41693
345|Cordi|Johnsson|Ermengarde|10.59620|10.60712
346|Ninnetta|Lia|Karly|10.07181|10.69250
347|Meriel|Gaal|Marsiella|10.02266|10.18373
348|Nadine|Sancho|Estell|10.55845|10.96676
349|Sara-Ann|Millda|Joleen|10.23004|10.40023
350|Modestia|Dorcy|Rosaline|10.59689|10.20722
351|Odessa|Paine|Zondra|10.31552|10.30492
352|Xylina|Erlandson|Amalie|10.42758|10.33856
353|Kaja|Beniamino|Trixi|10.62657|10.92729
354|Alexine|Jerald|Tatiania|10.72847|10.23534
355|Lynea|Sperling|Alie|10.60270|10.53642
356|Ana|Velick|Krystle|10.74097|10.23501
357|Linzy|Gwenore|Jobi|10.84451|10.61029
358|Blondelle|Tjon|Halette|10.43762|10.98540
359|Modestia|Dawkins|Taffy|10.92872|10.42114
360|Therine|Flyn|Pamella|10.95999|10.30036
361|Cam|Rooney|Silvana|10.87912|10.66232
362|Charissa|Konyn|Violet|10.90192|10.11912
363|Jemie|Nedrud|Aurelie|10.48741|10.72712
364|Tabbatha|Johnsson|Pamella|10.50474|10.75949
365|Caressa|Melleta|Clary|10.77637|10.47662
366|Bobbi|McAdams|Mady|10.47230|10.96000
367|Aimil|Seligman|Ofilia|10.50332|10.44286
368|Aeriela|Erich|Augustine|10.22772|10.63690
369|Jenda|O'Neill|Talya|10.50774|10.59776
370|Dacia|Sibyls|Gianina|10.75647|10.29917
371|Cam|Elbertina|Lyssa|10.83489|10.54160
372|Deane|Jacobah|Tobe|10.00113|10.03192
373|Trixi|Lareena|Oona|10.23613|10.88045
374|Meg|Cloris|Donetta|10.49083|10.71768
375|Cyb|Torray|Cordi|10.90888|10.40652
376|Angelique|Screens|Gabi|10.12442|10.60901
377|Janeczka|Monk|Justinn|10.76927|10.02965
378|Britte|Hazlett|Joy|10.16742|10.05422
379|Anallese|Radu|Jaclyn|10.15714|10.64468
380|Amalie|Mike|Nariko|10.92199|10.30972
381|Zaria|Kauppi|Loree|10.10434|10.27287
382|Jsandye|Marcellus|Jeanna|10.67880|10.71341
383|Shannah|Jenness|Lucille|10.03694|10.85883
384|Frank|Pacorro|Katuscha|10.90353|10.65683
385|Wanda|Kress|Romona|10.33553|10.41812
386|Lexine|Norvol|Stephanie|10.26081|10.76517
387|Alleen|Destinee|Gilligan|10.13339|10.23074
388|Kathy|Francyne|Karly|10.92519|10.37616
389|Dulce|Mauer|Chloris|10.87854|10.62766
390|Dorice|Firmin|Tiffie|10.72476|10.97578
391|Merrie|Marijo|Flory|10.05116|10.15555
392|Adriana|Adlare|Amalie|10.15793|10.30082
393|Alie|Diogenes|Aili|10.46221|10.94616
394|Sonni|Yorick|Rosanne|10.38476|10.37049
395|Vivia|Trinetta|Gui|10.39080|10.02614
396|Jan|Bakerman|Trixi|10.52686|10.15027
397|Alejandra|Merat|Myriam|10.63173|10.63698
398|Karina|Alejoa|Laurene|10.95905|10.51814
399|Bernie|Margarete|Elie|10.35127|10.72800
400|Drucie|Fredi|Demetris|10.54066|10.28933
401|Clarice|Delacourt|Pamella|10.44226|10.08286
402|Selia|Ortrude|Gwyneth|10.82773|10.26659
403|Ricky|Eldrid|Candi|10.55301|10.64386
404|Ileana|Janith|Genovera|10.68044|10.29571
405|Heddie|Franza|Tarra|10.48556|10.07296
406|Kimmy|Idelia|Lisette|10.90786|10.06900
407|Beverley|Codding|Mady|10.10300|10.54311
408|Tarra|Sigfrid|Tersina|10.76148|10.07170
409|Kate|Erskine|Gianina|10.54729|10.01513
410|Althea|Annice|Gilda|10.70224|10.94903
411|Sue|Chem|Tiffie|10.13131|10.96288
412|Codie|Jaylene|Annora|10.42549|10.29210
413|Tracey|Tryck|Laure|10.50153|10.39378
414|Coral|Wittie|Valeda|10.36854|10.38616
415|Ekaterina|Karl|Charmaine|10.99777|10.61081
416|Orelia|Sadowski|Frieda|10.63179|10.60716
417|Wanda|Thema|Rubie|10.71133|10.57077
418|Janenna|Joli|Karlee|10.50596|10.32393
419|Susan|Brittani|Sue|10.69519|10.63349
420|Gisela|Thornburg|Nikki|10.84143|10.00862
421|Daryl|Goddard|Siana|10.23235|10.61354
422|Fernande|Mullane|Hermione|10.61900|10.22432
423|Jenilee|Ahab|Mildrid|10.08055|10.36543
424|Ezmeralda|Carlson|Clo|10.96986|10.75700
425|Corry|Stefa|Esmeralda|10.47090|10.33932
426|Nerta|Vale|Maye|10.89030|10.56552
427|Cam|Morehouse|Lesly|10.93961|10.59669
428|Flory|Jacinda|Beatriz|10.15197|10.51343
429|Amii|Cleavland|Therine|10.21306|10.72574
430|Janis|Orlene|Frank|10.58619|10.76285
431|Maurene|Fiann|Eve|10.24646|10.36362
432|Jennica|Dearborn|Vevay|10.47403|10.58441
433|Kate|Silvan|Teriann|10.75514|10.65974
434|Janis|Alwin|Phedra|10.46348|10.26551
435|Shaylyn|Pandolfi|Rori|10.97512|10.00884
436|Gusella|Frodi|Andeee|10.91758|10.60680
437|Coral|Gino|Libbie|10.17168|10.57464
438|Robbi|Ader|Alleen|10.51157|10.74940
439|Giustina|Thornburg|Agathe|10.78352|10.18213
440|Cherilyn|Deegan|Deirdre|10.43406|10.46140
441|Minne|Granoff|Aigneis|10.95733|10.88371
442|Lucy|Land|Carolina|10.40861|10.14323
443|Sherrie|Ruvolo|Elvira|10.39970|10.53892
444|Concettina|Garek|Melisent|10.71505|10.29495
445|Gale|Bivins|Juliane|10.46895|10.42725
446|Merrie|Iiette|Leia|10.21962|10.35157
447|Shel|Faust|Natka|10.67142|10.81400
448|Mignon|Terencio|Dianemarie|10.44316|10.58527
449|Carly|Mintz|Diena|10.10201|10.91112
450|Maisey|Pearse|Sheelagh|10.80433|10.45878
451|Riannon|Pattin|Jean|10.85483|10.65348
452|Mady|Myrilla|Bernardine|10.23099|10.65007
453|Karina|Brackely|Flory|10.89524|10.73123
454|Merci|Tillford|Asia|10.65461|10.20332
455|Donnie|Stelle|Alie|10.57802|10.22474
456|Therine|Dichy|Rosabelle|10.72340|10.80224
457|Kristina|Junie|Giustina|10.01886|10.58990
458|Krystle|Saree|Valera|10.35481|10.13763
459|June|Nedrud|Sibella|10.67893|10.04579
460|Beatriz|Adrienne|Queenie|10.26448|10.13216
461|Riannon|Joachim|Alleen|10.35556|10.51122
462|Genevra|Krystle|Edyth|10.70440|10.06262
463|Cecile|Beniamino|Wendi|10.28361|10.55623
464|Sindee|Wadell|Pierette|10.40741|10.30927
465|Ellette|Regan|Shel|10.96607|10.09334
466|Brietta|Socha|Veda|10.71837|10.92376
467|Celestyna|Lissi|Joane|10.70147|10.46125
468|Raf|Friede|Fernande|10.66699|10.89626
469|Joceline|Bigner|Hermione|10.69257|10.28373
470|Madalyn|Evvie|Alia|10.52907|10.02457
471|Belinda|Penelopa|Kylynn|10.84141|10.68047
472|Harmonia|Bibi|Marika|10.80338|10.78615
473|Candi|Leler|Kaja|10.59302|10.29296
474|Gisela|Ophelia|Joane|10.71273|10.30126
475|Korrie|Oneida|Regina|10.82687|10.95588
476|Rochette|Durware|Edee|10.68183|10.94857
477|Cristabel|Haymes|Cecile|10.50816|10.86484
478|Coral|Wenda|Sonni|10.47473|10.42551
479|Ronna|Mich|Alyssa|10.21357|10.36590
480|Fina|Merell|Lita|10.82087|10.09775
481|Ariela|Devlen|Nannie|10.71076|10.68266
482|Roz|Nore|Kerrin|10.04914|10.76614
483|Halette|Giff|Flory|10.92013|10.17062
484|Claudina|Arathorn|Jordan|10.06942|10.86024
485|Jean|Sacken|Rivalee|10.27048|10.07221
486|Elyssa|Stav|Yvonne|10.29599|10.26806
487|Margalo|Lynn|Sissy|10.56807|10.06356
488|Liana|Chobot|Corene|10.79181|10.17102
489|Beatriz|Vary|Libbie|10.71085|10.16260
490|Valera|Merell|Daune|10.16654|10.94064
491|Evaleen|Bivins|Korrie|10.15794|10.85559
492|Elka|Tound|Marleah|10.72514|10.66557
493|Debee|Malanie|Oralee|10.14308|10.22393
494|Therine|Cristi|Mireielle|10.64056|10.45069
495|Latisha|Roumell|Leanna|10.56742|10.58986
496|Zondra|Darrell|Vita|10.77560|10.84781
497|Gianina|Bethany|Rhoda|10.84309|10.79295
498|Rayna|Katrine|Tamqrah|10.05028|10.44253
499|Carree|Bearnard|Agnese|10.84129|10.30252
500|Melanie|Pernick|Jasmina|10.34203|10.74130
501|Alejandra|Zina|Nelle|10.31233|10.96854
502|Lila|Grobe|Trudie|10.14905|10.86224
503|Janeczka|Nester|Imojean|10.20207|10.08104
504|Mureil|Joli|Stephanie|10.93080|10.80324
505|Clo|Borrell|Amelia|10.23606|10.41092
506|Magdalena|Meli|Hallie|10.79831|10.09323
507|Reeba|Erskine|Dolli|10.01071|10.32482
508|Susan|Hoenack|Rosene|10.18149|10.11433
509|Gretal|Vilma|Shell|10.00070|10.78148
510|Dotty|Cadmar|Tressa|10.84782|10.58842
511|Audrie|Chinua|Vivia|10.73418|10.05690
512|Cherrita|Wesle|Sidoney|10.90187|10.99958
513|Elvira|Armanda|Therine|10.92049|10.88956
514|Celisse|Riva|Stevana|10.97150|10.11028
515|Magdalena|Waite|Emmey|10.80415|10.46468
516|Ingrid|Richers|Addia|10.98538|10.45845
517|Chrystel|Ax|Misha|10.79959|10.21517
518|Ninnetta|Eckblad|Alyda|10.09575|10.72173
519|Henriette|Fosque|Ketti|10.86013|10.12969
520|Sharlene|Sacken|Jolyn|10.24115|10.13454
521|Catrina|Myrilla|Sarette|10.54813|10.76543
522|Dione|Charmine|Gale|10.59637|10.68638
523|Diena|Riordan|Beverley|10.92067|10.00206
524|Lauryn|Koehler|Lynea|10.64071|10.14435
525|Cindelyn|Luhe|Sonni|10.07554|10.90533
526|Harrietta|Germann|Priscilla|10.01286|10.60535
527|Lynnea|Janene|Nessie|10.26116|10.62052
528|Dorice|Mott|Chickie|10.22392|10.80368
529|Aurore|Oscar|Melisent|10.88168|10.50852
530|Addia|Curren|Talya|10.98407|10.79638
531|Quintina|Peg|Kimmy|10.22402|10.29881
532|Lita|Ezar|Jinny|10.06415|10.26243
533|Max|Llovera|Janis|10.28033|10.20367
534|Glenda|Pauly|Abbie|10.32677|10.45541
535|Halette|Ashok|Sonni|10.36808|10.91224
536|Melodie|Corrine|Lonnie|10.19492|10.14805
537|Alia|Boehike|Mahalia|10.52906|10.78944
538|Chloris|Pyle|Roberta|10.91968|10.15506
539|Celisse|Lesley|Cissiee|10.11716|10.64093
540|Gabriellia|Lymann|Vinita|10.82440|10.23607
541|Grier|Cottle|Cassondra|10.77684|10.73084
542|Quintina|Kolnick|Robbi|10.79262|10.92485
543|Ricky|Gemini|Quintina|10.71722|10.29238
544|Dianemarie|Cordi|Marti|10.92238|10.25853
545|Meg|Sothena|Gilligan|10.03298|10.62291
546|Carmela|Giule|Viviene|10.60394|10.29618
547|Amara|Fax|Lorne|10.40459|10.30559
548|Arlina|Ephrem|Beth|10.29066|10.01240
549|Aurore|Dannye|Myriam|10.55044|10.90293
550|Mariele|Pyle|Maye|10.26298|10.68933
551|Natka|Thunell|Lanna|10.72842|10.57378
552|Bee|Vorster|Pamella|10.07561|10.59255
553|Alisha|Nester|Candy|10.26061|10.71933
554|Deloria|Simmonds|Britte|10.70023|10.78511
555|Berta|Rubie|Merci|10.99187|10.70954
556|Dale|Bates|Maridel|10.27910|10.07458
557|Aeriela|Christal|Miquela|10.04802|10.35177
558|Iseabal|Dearborn|Carol-Jean|10.44894|10.48252
559|Nariko|Lunsford|Margarette|10.31541|10.15264
560|Gwenneth|Madelene|Chickie|10.59326|10.80607
561|Bobbi|Christine|Hallie|10.05738|10.06827
562|Rubie|Myrilla|Cyndie|10.35967|10.46931
563|Romona|Breed|Dorothy|10.67343|10.16452
564|Constance|Lenny|Elmira|10.90527|10.33750
565|Ilse|Terencio|Konstance|10.18172|10.40053
566|Sissy|Taam|Rivalee|10.24470|10.78125
567|Elmira|Heidt|Sheree|10.22316|10.08381
568|Theodora|Ledah|Cristabel|10.73600|10.81606
569|Darci|Diogenes|Sophia|10.06214|10.90002
570|Vinita|Hailee|Evita|10.05920|10.52738
571|Catrina|Jeanne|Caressa|10.61052|10.43419
572|Nelle|Michella|Belva|10.44690|10.18368
573|Kamilah|Chrystel|Hyacinthe|10.77860|10.84652
574|Cyb|Kolnick|Marinna|10.47238|10.34903
575|Miquela|Knowling|Gusella|10.49074|10.84338
576|Vere|Gavrila|Goldie|10.11367|10.76147
577|Max|Lunsford|Kore|10.79861|10.68991
578|Lanna|Miru|Viviene|10.84967|10.28266
579|Clementine|Bettine|Emma|10.53793|10.22600
580|Atlanta|Laurianne|Tilly|10.51750|10.15078
581|Thalia|Chinua|Sarette|10.13080|10.49030
582|Alex|Colleen|Rebeca|10.71683|10.80293
583|Shandie|My|Ingrid|10.47908|10.86297
584|Averyl|Berriman|Brandise|10.26104|10.79252
585|Glenda|Hubert|Gui|10.32430|10.84048
586|Hope|Schlosser|Vivia|10.09193|10.44443
587|Susan|Shuler|Jinny|10.88510|10.75507
588|Merry|Kamaria|Lucille|10.33131|10.50011
589|Nickie|Shaver|Albertina|10.20418|10.40070
590|Angela|Carbo|Albertina|10.45706|10.00028
591|Concettina|Ruvolo|Lily|10.42733|10.00149
592|Nessie|Fadiman|Lanae|10.76161|10.77121
593|Aurore|Rosalba|Marsiella|10.89266|10.91168
594|Marika|Tippets|Pearline|10.37754|10.76736
595|Valera|Hourigan|Marinna|10.66035|10.15420
596|Rayna|Morehouse|Gwenneth|10.02931|10.34359
597|Paulita|Artie|Valera|10.50436|10.18429
598|Flo|Kiyoshi|Catharine|10.32833|10.04866
599|Margalo|Erminia|Jorry|10.86923|10.15717
600|Lusa|Corabella|Lyssa|10.88418|10.88407
601|Ninnetta|Bord|Caressa|10.41436|10.71549
602|Laure|Poppy|Cecile|10.06316|10.46730
603|Candi|Kellby|Gloria|10.42332|10.79853
604|Lisette|Carvey|Sara-Ann|10.66479|10.56347
605|Feliza|Sancho|Mildrid|10.73525|10.94569
606|Bobinette|Eugenia|Bobinette|10.07441|10.21568
607|Flo|Lorain|Benita|10.49030|10.36524
608|Agnese|Ranjiv|Zondra|10.12865|10.16646
609|Daphne|Anton|Georgetta|10.55839|10.02505
610|Zondra|Nore|Fernande|10.34555|10.74621
611|Candi|Merell|Cathyleen|10.28325|10.48443
612|Regina|Madox|Bobbi|10.11155|10.22010
613|Vinita|Toni|Annice|10.66452|10.24062
614|Penelopa|Krystle|Elbertina|10.03602|10.73891
615|Genovera|Standing|Tonia|10.88333|10.97874
616|Cyndie|Justinn|Bettine|10.51648|10.15025
617|Calla|Quent|Trixi|10.54958|10.20819
618|Barbi|Gavrila|Beatriz|10.47944|10.18895
619|Hayley|Colyer|Emylee|10.39490|10.00680
620|Lorie|Mott|Allis|10.58196|10.57545
621|Edee|Strephon|Sara-Ann|10.32201|10.34735
622|Gusella|Devlen|Cristabel|10.01212|10.03726
623|Jackie|Esmaria|Christian|10.87352|10.47804
624|Caressa|Christine|Darlleen|10.61378|10.62610
625|Tobe|Bartlett|Max|10.17428|10.53525
626|Barbi|Read|Beverley|10.92844|10.31134
627|Deirdre|Cordi|Kalina|10.56484|10.29290
628|Jacenta|Longfellow|Addia|10.91836|10.46198
629|Edyth|Leifeste|Tatiania|10.08640|10.61943
630|Karly|Daegal|Esmeralda|10.61261|10.21479
631|Adele|Greyson|Fredericka|10.74298|10.86519
632|Maryellen|Shields|Fred|10.09238|10.08784
633|Fidelia|Raseda|Dianemarie|10.16002|10.99647
634|Pollyanna|Clywd|Charissa|10.04964|10.79990
635|Julieta|Heidt|Orsola|10.86071|10.67748
636|Lorne|Maurine|Shauna|10.92356|10.28211
637|Melanie|Trey|Hallie|10.78038|10.98342
638|Imojean|Penelopa|Gretal|10.48774|10.05340
639|Trixi|Lesley|Demetris|10.30186|10.10895
640|Mathilda|Ricki|Raf|10.04643|10.97291
641|Stephanie|Thilda|Karly|10.21774|10.22855
642|Fawne|Abbot|Starla|10.96222|10.58960
643|Nicoli|Paton|Gaylene|10.74884|10.61571
644|Elfreda|Palocz|Kore|10.78401|10.43554
645|Wendi|Durante|Calla|10.42024|10.13605
646|Ardenia|Berne|Jinny|10.82454|10.74612
647|Moyna|Neva|Robbi|10.46105|10.64872
648|Lorenza|Ellerey|Margarette|10.41511|10.94288
649|Hallie|Cadmar|Queenie|10.04434|10.17286
650|Kimberley|Rudolph|Gui|10.27640|10.42305
651|Hayley|Dom|Jobi|10.95495|10.47327
652|Celene|Henrie|Loree|10.27643|10.88501
653|Leontine|Kathie|Sharlene|10.64750|10.59778
654|Phedra|Nahum|Marnia|10.67157|10.29271
655|Ulrike|Riordan|Celisse|10.30235|10.93369
656|Marinna|Monk|Gisela|10.03052|10.51291
657|Selma|Argus|Sindee|10.73090|10.04240
658|Andree|Chandler|Edith|10.01047|10.27715
659|Aurore|Gualtiero|Brietta|10.32662|10.66386
660|Lynea|Merell|Britte|10.73858|10.24195
661|Debee|Tayib|Wynne|10.63038|10.02646
662|Elvira|Arvo|Lolita|10.32871|10.06930
663|Carmela|Buckler|Amalie|10.56199|10.04384
664|Zondra|Doig|Clary|10.61720|10.19669
665|Stevana|Madox|Violet|10.71231|10.74378
666|Magdalena|Blake|Wilma|10.87842|10.62211
667|Kore|Gavrila|Marcy|10.02015|10.70813
668|Brooks|Leifeste|Myrtice|10.03258|10.34966
669|Jennica|Marden|Bill|10.08916|10.39674
670|Nonnah|Raseda|Eugine|10.82238|10.13121
671|Doro|Audly|Florie|10.61312|10.83269
672|Dacia|Allare|Doralynne|10.83513|10.19547
673|Ericka|Winthorpe|Abbie|10.41222|10.43592
674|Lulita|Felizio|Camile|10.83432|10.72314
675|Loree|Merell|Danny|10.57681|10.24896
676|Gilda|Anselmi|Aili|10.34411|10.43408
677|Jacquetta|Blake|Yvonne|10.29612|10.14656
678|Ariela|Couture|Eve|10.94087|10.01383
679|Sandie|Albertine|Marcy|10.72866|10.28687
680|Dolli|Holtz|Alyssa|10.06929|10.03992
681|Sarette|Shields|Leontine|10.02172|10.09872
682|Riannon|Marden|Paulita|10.23566|10.86953
683|Rhea|Lymann|Phedra|10.00527|10.41453
684|Mariann|Edmund|Heida|10.73670|10.60978
685|Rosanne|Sherfield|Charlena|10.06113|10.89162
686|Chere|Shaver|Christian|10.61845|10.87698
687|Gretal|Lumbard|Larine|10.59505|10.44064
688|Agnese|Land|Frances|10.41854|10.64042
689|Linzy|Glenden|Julieta|10.11423|10.08073
690|Christian|Brackely|Shaylyn|10.67604|10.67898
691|Daune|Federica|Starla|10.82782|10.88861
692|Celene|Tjon|Alie|10.21983|10.06694
693|Elbertina|Irmine|Cassondra|10.59226|10.12825
694|Sherrie|Schlosser|Shauna|10.61938|10.87275
695|Viviene|Francene|Janey|10.67639|10.21148
696|Selma|Eugenia|Rosanne|10.64215|10.71286
697|Ginnie|Merriott|Trixi|10.75869|10.81125
698|Anallese|Fax|Sophia|10.29312|10.85864
699|Sonni|Sandye|Nonnah|10.52032|10.23141
700|Mignon|Infield|Aili|10.97289|10.46341
701|Emelina|Ietta|Ekaterina|10.10167|10.12418
702|Ingrid|Grimbly|Frances|10.64095|10.53689
703|Florencia|Madaih|Hallie|10.98839|10.92259
704|Ketti|Cyrie|Esmeralda|10.29282|10.81338
705|Wileen|Cohdwell|Sabina|10.67472|10.38814
706|Corina|Clie|Minne|10.30153|10.46881
707|Annice|Japeth|Dolli|10.94395|10.02555
708|Correy|Evvie|Betta|10.87202|10.12741
709|Claudina|Ranjiv|Rayna|10.58403|10.53965
710|Judy|Gamaliel|Tamqrah|10.63007|10.37859
711|Mellicent|Sibyls|Shirlee|10.73500|10.97633
712|Rhea|Soneson|Dawn|10.97059|10.89573
713|Georgetta|Abbot|Arlena|10.58079|10.72630
714|Tami|Helve|Pollyanna|10.04872|10.07035
715|Pearline|Whiffen|Tami|10.68794|10.07455
716|Celene|Roscoe|Andree|10.54070|10.97422
717|Jacquetta|Sadowski|Meriel|10.60542|10.19893
718|Joane|Morehouse|Candy|10.82633|10.41135
719|Gianina|Decato|Yolane|10.10774|10.20725
720|Amii|Carri|Pollyanna|10.21573|10.21352
721|Libbie|Hamil|Ottilie|10.24081|10.20372
722|Anestassia|Armanda|Keelia|10.55450|10.93915
723|Corene|Gilmour|Clo|10.16902|10.84298
724|Nita|Armanda|Shirlee|10.94420|10.40365
725|Gerrie|Rudolph|Rosanne|10.42817|10.19610
726|Quintina|Gemini|Candi|10.02046|10.38919
727|Angela|Pulsifer|Shannah|10.72815|10.96931
728|Sashenka|Chandler|Nannie|10.13559|10.15693
729|Starla|Goode|Joelly|10.04388|10.91765
730|Ariela|Terrence|Hollie|10.84907|10.92089
731|Dotty|Bevin|Heida|10.62986|10.67389
732|Vere|Pascia|Jaime|10.69237|10.85052
733|Chastity|Sasnett|Rosabelle|10.20894|10.78245
734|Phedra|Lauraine|Neila|10.90270|10.74206
735|Tarra|Johnsson|Barbara|10.74473|10.15500
736|Lizzie|Alva|Tobe|10.75589|10.86071
737|Consuela|Middleton|Elie|10.26719|10.91981
738|Kimberley|Jefferey|Jessamyn|10.78636|10.52672
739|Isa|Dahlia|Gusty|10.17712|10.09919
740|Liana|Gladstone|Tomasina|10.06058|10.27489
741|Elise|Chapland|Teddie|10.75949|10.22783
742|Miquela|Torray|Melina|10.31424|10.74627
743|Mireielle|Maroney|Helena|10.97828|10.56150
744|Ayn|Henebry|Hyacinthe|10.10122|10.70808
745|Phedra|Wandie|Caressa|10.73072|10.92758
746|Kassey|Liebermann|Shannah|10.11352|10.62426
747|Liana|Yorick|Ericka|10.36115|10.53582
748|Desirae|Weitman|Cathyleen|10.22147|10.86899
749|Allyce|Evangelia|Peri|10.52166|10.99538
750|Lelah|Shaddock|Renae|10.14754|10.54486
751|Diena|Bevin|Daphne|10.99316|10.08797
752|Winny|Rogerio|Cathie|10.39442|10.32375
753|Lucille|Radu|Modestia|10.40195|10.46971
754|Jere|Schalles|Madalyn|10.25972|10.53834
755|Ashlee|Anestassia|Katuscha|10.04179|10.27717
756|Cam|Xerxes|Gusty|10.69711|10.93858
757|Ekaterina|Lilas|Loree|10.24161|10.97293
758|Vanessa|Oscar|Dulce|10.38698|10.15976
759|Nelle|Pettiford|Gusty|10.69014|10.38999
760|Leia|Hebner|Zaria|10.58270|10.72909
761|Angelique|Pattin|Candy|10.21755|10.91855
762|Collen|Herrera|Mariann|10.88484|10.95013
763|Gisela|Georas|Karly|10.94910|10.18052
764|Devina|Leler|Judy|10.34362|10.55576
765|Drucie|Turne|Vonny|10.90324|10.35400
766|Elora|Therine|Pearline|10.95271|10.39360
767|Shaylyn|Dash|Jillayne|10.99068|10.22049
768|Vevay|Danby|Wilma|10.88437|10.34489
769|Hope|Kress|Agathe|10.51063|10.44524
770|Paule|Freddi|Gilda|10.48968|10.34703
771|Mariele|Natalia|Stevana|10.92683|10.55449
772|Karena|Mullane|Donnie|10.11353|10.28793
773|Flo|Mike|Deirdre|10.77170|10.35733
774|Carmela|Colyer|Claudina|10.53892|10.76078
775|Wendi|Sammons|Cathie|10.05070|10.53676
776|Catharine|Riva|Paulita|10.93446|10.66391
777|Aili|Leonard|Patricia|10.45710|10.62819
778|Maud|Parette|Norine|10.91145|10.00755
779|Monika|Kenney|Dorothy|10.55298|10.57951
780|Tamqrah|Dominy|Jillayne|10.42360|10.52436
781|Lusa|Fosque|Sara-Ann|10.97875|10.98207
782|Lexine|Claudine|Ingrid|10.66057|10.01766
783|Violet|Rheingold|Jobi|10.80865|10.76284
784|Jenilee|Eno|Libbie|10.37706|10.53485
785|Ofilia|Chobot|Benita|10.90029|10.82041
786|Therine|Gabrielli|Lynde|10.56807|10.84450
787|Malina|Wesle|Debee|10.95522|10.84902
788|Albertina|Leonard|Dorthy|10.13833|10.67007
789|Kimmy|Maxi|Hope|10.47523|10.01621
790|Rosanne|Pacorro|Arabel|10.48383|10.16991
791|Aryn|Newell|Cordi|10.34402|10.78320
792|Carolina|Talia|Stevana|10.57947|10.75889
793|Basia|Abram|Gavrielle|10.57820|10.60320
794|Ricky|Brian|Darlleen|10.73381|10.64961
795|Ginnie|Docilla|Brooks|10.21626|10.16342
796|Alyssa|Agle|Marnia|10.39155|10.62701
797|Norine|Bandeen|Brandise|10.52190|10.03519
798|Anthia|Hillel|Elise|10.50234|10.17687
799|Sindee|Kermit|Katleen|10.25991|10.09503
800|Jenilee|Buckler|Konstance|10.60573|10.24091
801|Celestyna|Vary|Caryl|10.57718|10.73369
802|Andeee|Sherfield|Marcy|10.61034|10.08623
803|Corene|Oriana|Ursulina|10.26015|10.61378
804|Fayre|Japeth|Christy|10.80643|10.32649
805|Raf|Francyne|Corly|10.50697|10.19073
806|Luci|Lattie|Jacenta|10.60257|10.95441
807|Marylou|Junie|Anallese|10.03944|10.97678
808|Gale|Neils|Flory|10.86947|10.50471
809|Ricky|Brackely|Maurene|10.92011|10.45613
810|Gaylene|Kronfeld|Beth|10.72769|10.16794
811|Edee|Shama|Corry|10.27844|10.44629
812|Sherrie|Izaak|Rochette|10.16632|10.43917
813|Nikki|Neva|Hyacinthe|10.97807|10.12326
814|Roseline|Salchunas|Carol-Jean|10.60271|10.49757
815|Aurelie|Ralfston|Dotty|10.71265|10.43411
816|Catharine|Rosette|Tybie|10.84960|10.96024
817|Talya|Boycey|Lucille|10.49684|10.01854
818|Blondelle|Plato|Henriette|10.98443|10.53622
819|Kylynn|Alwin|Raf|10.43139|10.38080
820|Wendi|Stephie|Fanchon|10.08824|10.59772
821|Beth|Riordan|Fina|10.22742|10.15686
822|Vanessa|Gemini|Mariann|10.08198|10.42138
823|Dacia|Breed|Fernande|10.47346|10.99976
824|Adele|Klemperer|Barbi|10.30482|10.10704
825|Nerta|Kenney|Elsie|10.03980|10.62532
826|Joelly|Remmer|Nickie|10.95150|10.28144
827|Roslyn|Denis|Aili|10.08470|10.83463
828|Carlie|Randene|Charlena|10.21727|10.55830
829|Amelia|Reidar|Grier|10.28741|10.06616
830|Cristabel|Bergman|Binny|10.63868|10.79007
831|Sidoney|Raimondo|Valera|10.86503|10.27701
832|Gaylene|Lemuela|Hannis|10.26386|10.37108
833|Norine|Brian|Merry|10.92909|10.09892
834|Lulita|Grosz|Sissy|10.19986|10.96291
835|Elora|Sperling|Demetris|10.34840|10.53354
836|Flory|Laverne|Hannis|10.70657|10.32066
837|Valera|Stefa|Gaylene|10.76484|10.28297
838|Kathy|Weide|Lilith|10.36601|10.48218
839|Karly|Morgun|Jean|10.58045|10.46353
840|Tami|Bergman|Hettie|10.69186|10.63974
841|Basia|Girardo|Starla|10.35019|10.64337
842|Ann-Marie|Dimitris|Tybie|10.30927|10.28985
843|Binny|Eliathas|Gale|10.22076|10.98246
844|Gisela|Donoghue|Nonnah|10.56913|10.39204
845|Codie|Brotherson|Johna|10.19951|10.26650
846|Cristine|Dichy|Shaine|10.33604|10.66907
847|Lelah|Roumell|Petronia|10.34430|10.39053
848|Lanae|Hourigan|Joeann|10.57663|10.28602
849|Jere|Oneida|Alexine|10.08819|10.06587
850|Lynnea|Toor|Nerta|10.81574|10.74114
851|Reeba|Bronk|Alexine|10.66881|10.07782
852|Marguerite|Westphal|Eolanda|10.03656|10.51123
853|Frank|Ade|Tamqrah|10.67171|10.74441
854|Eadie|Alexandr|Hettie|10.32526|10.45424
855|Sarette|Klemperer|Bobbi|10.80673|10.08246
856|Tierney|Madox|Daphne|10.55643|10.59265
857|Heddie|Deny|Hollie|10.23610|10.95241
858|Cristabel|Tristram|Aubrie|10.58678|10.64224
859|Kellen|Boycey|Tilly|10.51855|10.60767
860|Drucie|Harriman|Trixi|10.67758|10.78971
861|Mireielle|Fosque|Atlanta|10.20237|10.43215
862|Adore|Sperling|Jemie|10.09534|10.81980
863|Ilse|Scammon|Eve|10.33351|10.46547
864|Maurene|Reidar|Nanete|10.76566|10.00503
865|Althea|Alva|Carlie|10.04986|10.92135
866|Merrie|Lia|Ezmeralda|10.31942|10.28695
867|Kalina|Iphlgenia|Charmaine|10.15979|10.28146
868|Cordi|Celestine|Coral|10.44064|10.12202
869|Xylina|Rheingold|Cyndie|10.43627|10.86222
870|Annice|Norrie|Dari|10.82251|10.43436
871|Betta|Frendel|Gisela|10.81303|10.73093
872|Misha|Phi|Emilia|10.27751|10.55563
873|Giustina|Rolf|Jenda|10.78279|10.19653
874|Joy|Sasnett|Deloria|10.51714|10.37538
875|Dorthy|Neva|Nananne|10.68101|10.01746
876|Basia|Fennessy|Dorthy|10.35570|10.18715
877|Calla|Lissi|Modestia|10.09103|10.65021
878|Ilse|Wolfgram|Maryellen|10.43193|10.51786
879|Roberta|Marsden|Ardeen|10.85430|10.12390
880|Aurore|Billye|Nikki|10.29418|10.89852
881|Ruthe|Maroney|Angelique|10.30629|10.31236
882|Adore|Travax|Maridel|10.13713|10.90102
883|Tarra|Shanley|Sophia|10.26896|10.06585
884|Mariele|Hunfredo|Liana|10.55241|10.41682
885|Fina|Mata|Jsandye|10.20340|10.93890
886|Nelle|Sophronia|Arabel|10.58510|10.86506
887|Beth|Loring|Cassondra|10.59484|10.44185
888|Fanchon|Delila|Fanny|10.21830|10.13323
889|Jean|Warthman|Gloria|10.67096|10.18487
890|Janis|Elephus|Abbie|10.67348|10.75255
891|Charissa|Pernick|Linet|10.29911|10.28876
892|Kerrin|Anyah|Atlanta|10.06331|10.78108
893|Mamie|Skurnik|Kenna|10.35909|10.66898
894|Elyssa|Ehrman|Wendi|10.22748|10.55545
895|Dacia|Goddard|Grier|10.60291|10.30997
896|Maridel|Bandeen|Dania|10.41874|10.70313
897|Caryl|Ventre|Mahalia|10.74158|10.05805
898|Melisent|Thilda|Tersina|10.21716|10.94913
899|Mariann|Ethban|Fernande|10.30049|10.24409
900|Hollie|Dahlia|Daphne|10.84853|10.67274
901|Gisela|Loeb|Sheelagh|10.11630|10.74567
902|Thalia|Heidt|Wendi|10.43096|10.87025
903|Clarice|Baudin|Consuela|10.38636|10.68204
904|Fredericka|Holtz|Gwyneth|10.94867|10.10490
905|Danika|Persse|Bettine|10.32748|10.29988
906|Anica|Blake|Lory|10.54864|10.52849
907|Susan|Connelly|Philis|10.33026|10.08391
908|Cherilyn|Constancy|Glynnis|10.82637|10.58873
909|Maurene|Tremayne|Jerry|10.69374|10.27654
910|Korrie|Merell|Cordi|10.97627|10.41968
911|Catharine|Hillel|Maye|10.88993|10.74371
912|Penelopa|Scammon|Nariko|10.61493|10.73600
913|Lusa|Bevin|Jaime|10.86875|10.09203
914|Maye|Amand|Ivett|10.13180|10.68799
915|Flo|Deny|Quintina|10.82798|10.29902
916|Harmonia|Emerson|Meriel|10.01994|10.20182
917|Deane|Glenden|Cam|10.85294|10.30972
918|Elsie|Juan|Tonia|10.02054|10.80309
919|Karina|Thar|Kellen|10.62261|10.54587
920|Stephanie|Dahlia|Molli|10.79501|10.49248
921|Tybie|Magdalen|Janeczka|10.17161|10.01713
922|Babita|Nunci|Ebonee|10.76768|10.23384
923|Cherrita|Hebner|Kenna|10.31043|10.25230
924|Kamilah|Kellby|Benita|10.46898|10.52872
925|Elmira|Alfons|Laure|10.32865|10.54970
926|Ruthe|Susannah|Fred|10.84539|10.36891
927|Corina|Wareing|Charmaine|10.94909|10.73358
928|Aili|Turne|Melisent|10.68142|10.70447
929|Renie|Kinnard|Tressa|10.57539|10.83778
930|Brooks|Lareena|Fredericka|10.24365|10.12552
931|Goldie|Kamaria|Esmeralda|10.67208|10.16291
932|Eadie|Ardra|Cyb|10.56296|10.31823
933|Rivalee|Viddah|Elka|10.76065|10.84210
934|Netty|Agle|Hope|10.83881|10.07495
935|Andeee|Uird|Viviene|10.02838|10.34908
936|Gavrielle|Pelagias|Darlleen|10.79521|10.25036
937|Tera|Ogren|Cecile|10.16984|10.75391
938|Raina|Bettine|Kellen|10.61905|10.46278
939|Malina|Himelman|Gratia|10.11282|10.91555
940|Fina|Chaing|Aurelie|10.99011|10.19688
941|Kore|Zuzana|Ellette|10.08740|10.34980
942|Rivalee|Peg|Cacilie|10.51996|10.75308
943|Kathi|Flyn|Marline|10.85783|10.91581
944|Siana|Junie|Collen|10.37447|10.26067
945|Ida|Virgin|Xylina|10.21120|10.31756
946|Eve|Harriman|Kittie|10.06445|10.62347
947|Cristine|Baylor|Alleen|10.16576|10.70041
948|Carly|Socha|Shannah|10.60278|10.36219
949|Mary|Bearnard|Alia|10.74783|10.04096
950|Ileana|O'Carroll|Justinn|10.71320|10.04786
951|June|Lilas|Cristine|10.32827|10.15011
952|Kimberley|Dahlia|Hyacinthe|10.35565|10.68208
953|Harrietta|Chem|Ardeen|10.05243|10.85879
954|Aryn|Tayib|Jsandye|10.08921|10.12449
955|Gratia|Bevin|Lucy|10.52890|10.36641
956|Krystle|Henrie|Elie|10.70523|10.59002
957|Latisha|Wesle|Coral|10.81529|10.21247
958|Consuela|Loleta|Daune|10.98003|10.79625
959|Danika|Hourigan|Fayre|10.01654|10.43517
960|Trixi|Burch|Marita|10.86355|10.10159
961|Jean|Cordi|Jany|10.67065|10.16638
962|Nannie|Goode|Annice|10.84904|10.85422
963|Cyndie|Chrystel|Rivalee|10.85394|10.41014
964|Esmeralda|Carbo|Minne|10.93374|10.69431
965|Kirstin|Hedve|Leeanne|10.37202|10.30723
966|Leia|Maurine|Netty|10.92397|10.23627
967|Lita|Ammann|Sam|10.65301|10.94581
968|Halette|Emerson|Aimil|10.89872|10.80053
969|Sherrie|Maisey|Mireielle|10.17168|10.88521
970|Teddie|Lory|Wileen|10.28110|10.09570
971|Riannon|Virgin|Alameda|10.18648|10.13767
972|Gilligan|Shirberg|Jessy|10.60458|10.72209
973|Yolane|Horan|Florie|10.27200|10.14413
974|Letizia|Haldas|Felice|10.58284|10.78888
975|Jackie|Wind|Kimmy|10.09631|10.69433
976|Desirae|Lia|Vevay|10.55496|10.95735
977|Carolina|Bigner|Mildrid|10.23534|10.94329
978|Lorie|Kauppi|Tarra|10.30624|10.60131
979|Romona|Arvo|Emelina|10.42027|10.34116
980|Kayla|O'Carroll|Hettie|10.10039|10.20717
981|Claresta|Velick|Angelique|10.75167|10.65147
982|Adele|Halla|Danny|10.14103|10.86798
983|Celestyna|Gabrielli|Cyndie|10.43408|10.67069
984|Dari|Vins|Willetta|10.59243|10.12211
985|Johna|Ruvolo|Margalo|10.85631|10.74093
986|Chickie|Modie|Celisse|10.49692|10.80584
987|Di|Matthew|Gertrud|10.33039|10.00072
988|Joceline|Etom|Zsa Zsa|10.34125|10.20324
989|Kore|Virgin|Jolyn|10.49530|10.90844
990|Basia|Kenwood|Cyndie|10.04001|10.17095
991|Deane|Morgun|Feliza|10.22516|10.23034
992|Lucy|Olympium|Frieda|10.81728|10.92264
993|Brianna|Ambrosia|Jsandye|10.83196|10.00306
994|Jenda|Tomasina|Oona|10.09862|10.89624
995|Nollie|O'Neill|Larine|10.72853|10.60393
996|Ricky|Franza|Lila|10.18688|10.91067
997|Rosanne|Sawtelle|Yetty|10.40502|10.43317
998|Layla|Durware|Hallie|10.65686|10.03430
999|Norine|Bonucci|Lorne|10.40930|10.70348
1000|Elbertina|Isidore|Ursulina|10.62074|10.17555